name,description
Therapeutic,"Lorem ipsum dolor sit amet, consectetur adipiscing elit. Pellentesque rhoncus a tellus a auctor. Suspendisse elit lectus, cursus non ullamcorper vel, tincidunt vitae tellus. Suspendisse potenti. Donec vel dolor elit. Praesent eu enim congue, tempus libero ac, dictum nunc. Nullam pellentesque, orci at mattis cursus, nunc nunc rhoncus diam, eu varius massa libero ut nibh. Curabitur ac tempor elit. Integer libero ex, bibendum finibus sem eu, mollis condimentum nisl. Morbi aliquet interdum urna at dignissim. Sed ac tristique diam. Duis pulvinar gravida leo aliquet sagittis."
Antimicrobial,"Lorem ipsum dolor sit amet, consectetur adipiscing elit. Pellentesque rhoncus a tellus a auctor. Suspendisse elit lectus, cursus non ullamcorper vel, tincidunt vitae tellus. Suspendisse potenti. Donec vel dolor elit. Praesent eu enim congue, tempus libero ac, dictum nunc. Nullam pellentesque, orci at mattis cursus, nunc nunc rhoncus diam, eu varius massa libero ut nibh. Curabitur ac tempor elit. Integer libero ex, bibendum finibus sem eu, mollis condimentum nisl. Morbi aliquet interdum urna at dignissim. Sed ac tristique diam. Duis pulvinar gravida leo aliquet sagittis."
Anti protist,"Lorem ipsum dolor sit amet, consectetur adipiscing elit. Pellentesque rhoncus a tellus a auctor. Suspendisse elit lectus, cursus non ullamcorper vel, tincidunt vitae tellus. Suspendisse potenti. Donec vel dolor elit. Praesent eu enim congue, tempus libero ac, dictum nunc. Nullam pellentesque, orci at mattis cursus, nunc nunc rhoncus diam, eu varius massa libero ut nibh. Curabitur ac tempor elit. Integer libero ex, bibendum finibus sem eu, mollis condimentum nisl. Morbi aliquet interdum urna at dignissim. Sed ac tristique diam. Duis pulvinar gravida leo aliquet sagittis."
Surface immobilized,"Lorem ipsum dolor sit amet, consectetur adipiscing elit. Pellentesque rhoncus a tellus a auctor. Suspendisse elit lectus, cursus non ullamcorper vel, tincidunt vitae tellus. Suspendisse potenti. Donec vel dolor elit. Praesent eu enim congue, tempus libero ac, dictum nunc. Nullam pellentesque, orci at mattis cursus, nunc nunc rhoncus diam, eu varius massa libero ut nibh. Curabitur ac tempor elit. Integer libero ex, bibendum finibus sem eu, mollis condimentum nisl. Morbi aliquet interdum urna at dignissim. Sed ac tristique diam. Duis pulvinar gravida leo aliquet sagittis."
Antiviral,"Lorem ipsum dolor sit amet, consectetur adipiscing elit. Pellentesque rhoncus a tellus a auctor. Suspendisse elit lectus, cursus non ullamcorper vel, tincidunt vitae tellus. Suspendisse potenti. Donec vel dolor elit. Praesent eu enim congue, tempus libero ac, dictum nunc. Nullam pellentesque, orci at mattis cursus, nunc nunc rhoncus diam, eu varius massa libero ut nibh. Curabitur ac tempor elit. Integer libero ex, bibendum finibus sem eu, mollis condimentum nisl. Morbi aliquet interdum urna at dignissim. Sed ac tristique diam. Duis pulvinar gravida leo aliquet sagittis."
Anti HIV,"Lorem ipsum dolor sit amet, consectetur adipiscing elit. Pellentesque rhoncus a tellus a auctor. Suspendisse elit lectus, cursus non ullamcorper vel, tincidunt vitae tellus. Suspendisse potenti. Donec vel dolor elit. Praesent eu enim congue, tempus libero ac, dictum nunc. Nullam pellentesque, orci at mattis cursus, nunc nunc rhoncus diam, eu varius massa libero ut nibh. Curabitur ac tempor elit. Integer libero ex, bibendum finibus sem eu, mollis condimentum nisl. Morbi aliquet interdum urna at dignissim. Sed ac tristique diam. Duis pulvinar gravida leo aliquet sagittis."
Anti coronoavirus,"Lorem ipsum dolor sit amet, consectetur adipiscing elit. Pellentesque rhoncus a tellus a auctor. Suspendisse elit lectus, cursus non ullamcorper vel, tincidunt vitae tellus. Suspendisse potenti. Donec vel dolor elit. Praesent eu enim congue, tempus libero ac, dictum nunc. Nullam pellentesque, orci at mattis cursus, nunc nunc rhoncus diam, eu varius massa libero ut nibh. Curabitur ac tempor elit. Integer libero ex, bibendum finibus sem eu, mollis condimentum nisl. Morbi aliquet interdum urna at dignissim. Sed ac tristique diam. Duis pulvinar gravida leo aliquet sagittis."
Antibacterial,"Lorem ipsum dolor sit amet, consectetur adipiscing elit. Pellentesque rhoncus a tellus a auctor. Suspendisse elit lectus, cursus non ullamcorper vel, tincidunt vitae tellus. Suspendisse potenti. Donec vel dolor elit. Praesent eu enim congue, tempus libero ac, dictum nunc. Nullam pellentesque, orci at mattis cursus, nunc nunc rhoncus diam, eu varius massa libero ut nibh. Curabitur ac tempor elit. Integer libero ex, bibendum finibus sem eu, mollis condimentum nisl. Morbi aliquet interdum urna at dignissim. Sed ac tristique diam. Duis pulvinar gravida leo aliquet sagittis."
Anti gram positive,"Lorem ipsum dolor sit amet, consectetur adipiscing elit. Pellentesque rhoncus a tellus a auctor. Suspendisse elit lectus, cursus non ullamcorper vel, tincidunt vitae tellus. Suspendisse potenti. Donec vel dolor elit. Praesent eu enim congue, tempus libero ac, dictum nunc. Nullam pellentesque, orci at mattis cursus, nunc nunc rhoncus diam, eu varius massa libero ut nibh. Curabitur ac tempor elit. Integer libero ex, bibendum finibus sem eu, mollis condimentum nisl. Morbi aliquet interdum urna at dignissim. Sed ac tristique diam. Duis pulvinar gravida leo aliquet sagittis."
Anti methicillin resistant S.aureus,"Lorem ipsum dolor sit amet, consectetur adipiscing elit. Pellentesque rhoncus a tellus a auctor. Suspendisse elit lectus, cursus non ullamcorper vel, tincidunt vitae tellus. Suspendisse potenti. Donec vel dolor elit. Praesent eu enim congue, tempus libero ac, dictum nunc. Nullam pellentesque, orci at mattis cursus, nunc nunc rhoncus diam, eu varius massa libero ut nibh. Curabitur ac tempor elit. Integer libero ex, bibendum finibus sem eu, mollis condimentum nisl. Morbi aliquet interdum urna at dignissim. Sed ac tristique diam. Duis pulvinar gravida leo aliquet sagittis."
Anti gram negative,"Lorem ipsum dolor sit amet, consectetur adipiscing elit. Pellentesque rhoncus a tellus a auctor. Suspendisse elit lectus, cursus non ullamcorper vel, tincidunt vitae tellus. Suspendisse potenti. Donec vel dolor elit. Praesent eu enim congue, tempus libero ac, dictum nunc. Nullam pellentesque, orci at mattis cursus, nunc nunc rhoncus diam, eu varius massa libero ut nibh. Curabitur ac tempor elit. Integer libero ex, bibendum finibus sem eu, mollis condimentum nisl. Morbi aliquet interdum urna at dignissim. Sed ac tristique diam. Duis pulvinar gravida leo aliquet sagittis."
Antibiofilm,"Lorem ipsum dolor sit amet, consectetur adipiscing elit. Pellentesque rhoncus a tellus a auctor. Suspendisse elit lectus, cursus non ullamcorper vel, tincidunt vitae tellus. Suspendisse potenti. Donec vel dolor elit. Praesent eu enim congue, tempus libero ac, dictum nunc. Nullam pellentesque, orci at mattis cursus, nunc nunc rhoncus diam, eu varius massa libero ut nibh. Curabitur ac tempor elit. Integer libero ex, bibendum finibus sem eu, mollis condimentum nisl. Morbi aliquet interdum urna at dignissim. Sed ac tristique diam. Duis pulvinar gravida leo aliquet sagittis."
Anti tuberculosis,"Lorem ipsum dolor sit amet, consectetur adipiscing elit. Pellentesque rhoncus a tellus a auctor. Suspendisse elit lectus, cursus non ullamcorper vel, tincidunt vitae tellus. Suspendisse potenti. Donec vel dolor elit. Praesent eu enim congue, tempus libero ac, dictum nunc. Nullam pellentesque, orci at mattis cursus, nunc nunc rhoncus diam, eu varius massa libero ut nibh. Curabitur ac tempor elit. Integer libero ex, bibendum finibus sem eu, mollis condimentum nisl. Morbi aliquet interdum urna at dignissim. Sed ac tristique diam. Duis pulvinar gravida leo aliquet sagittis."
Anti endotoxin,"Lorem ipsum dolor sit amet, consectetur adipiscing elit. Pellentesque rhoncus a tellus a auctor. Suspendisse elit lectus, cursus non ullamcorper vel, tincidunt vitae tellus. Suspendisse potenti. Donec vel dolor elit. Praesent eu enim congue, tempus libero ac, dictum nunc. Nullam pellentesque, orci at mattis cursus, nunc nunc rhoncus diam, eu varius massa libero ut nibh. Curabitur ac tempor elit. Integer libero ex, bibendum finibus sem eu, mollis condimentum nisl. Morbi aliquet interdum urna at dignissim. Sed ac tristique diam. Duis pulvinar gravida leo aliquet sagittis."
Bacteriocin,"Lorem ipsum dolor sit amet, consectetur adipiscing elit. Pellentesque rhoncus a tellus a auctor. Suspendisse elit lectus, cursus non ullamcorper vel, tincidunt vitae tellus. Suspendisse potenti. Donec vel dolor elit. Praesent eu enim congue, tempus libero ac, dictum nunc. Nullam pellentesque, orci at mattis cursus, nunc nunc rhoncus diam, eu varius massa libero ut nibh. Curabitur ac tempor elit. Integer libero ex, bibendum finibus sem eu, mollis condimentum nisl. Morbi aliquet interdum urna at dignissim. Sed ac tristique diam. Duis pulvinar gravida leo aliquet sagittis."
Anti mollicute,"Lorem ipsum dolor sit amet, consectetur adipiscing elit. Pellentesque rhoncus a tellus a auctor. Suspendisse elit lectus, cursus non ullamcorper vel, tincidunt vitae tellus. Suspendisse potenti. Donec vel dolor elit. Praesent eu enim congue, tempus libero ac, dictum nunc. Nullam pellentesque, orci at mattis cursus, nunc nunc rhoncus diam, eu varius massa libero ut nibh. Curabitur ac tempor elit. Integer libero ex, bibendum finibus sem eu, mollis condimentum nisl. Morbi aliquet interdum urna at dignissim. Sed ac tristique diam. Duis pulvinar gravida leo aliquet sagittis."
Antifungal,"Lorem ipsum dolor sit amet, consectetur adipiscing elit. Pellentesque rhoncus a tellus a auctor. Suspendisse elit lectus, cursus non ullamcorper vel, tincidunt vitae tellus. Suspendisse potenti. Donec vel dolor elit. Praesent eu enim congue, tempus libero ac, dictum nunc. Nullam pellentesque, orci at mattis cursus, nunc nunc rhoncus diam, eu varius massa libero ut nibh. Curabitur ac tempor elit. Integer libero ex, bibendum finibus sem eu, mollis condimentum nisl. Morbi aliquet interdum urna at dignissim. Sed ac tristique diam. Duis pulvinar gravida leo aliquet sagittis."
Anti candida,"Lorem ipsum dolor sit amet, consectetur adipiscing elit. Pellentesque rhoncus a tellus a auctor. Suspendisse elit lectus, cursus non ullamcorper vel, tincidunt vitae tellus. Suspendisse potenti. Donec vel dolor elit. Praesent eu enim congue, tempus libero ac, dictum nunc. Nullam pellentesque, orci at mattis cursus, nunc nunc rhoncus diam, eu varius massa libero ut nibh. Curabitur ac tempor elit. Integer libero ex, bibendum finibus sem eu, mollis condimentum nisl. Morbi aliquet interdum urna at dignissim. Sed ac tristique diam. Duis pulvinar gravida leo aliquet sagittis."
Anuran defense,"Lorem ipsum dolor sit amet, consectetur adipiscing elit. Pellentesque rhoncus a tellus a auctor. Suspendisse elit lectus, cursus non ullamcorper vel, tincidunt vitae tellus. Suspendisse potenti. Donec vel dolor elit. Praesent eu enim congue, tempus libero ac, dictum nunc. Nullam pellentesque, orci at mattis cursus, nunc nunc rhoncus diam, eu varius massa libero ut nibh. Curabitur ac tempor elit. Integer libero ex, bibendum finibus sem eu, mollis condimentum nisl. Morbi aliquet interdum urna at dignissim. Sed ac tristique diam. Duis pulvinar gravida leo aliquet sagittis."
Antiprotozoal,"Lorem ipsum dolor sit amet, consectetur adipiscing elit. Pellentesque rhoncus a tellus a auctor. Suspendisse elit lectus, cursus non ullamcorper vel, tincidunt vitae tellus. Suspendisse potenti. Donec vel dolor elit. Praesent eu enim congue, tempus libero ac, dictum nunc. Nullam pellentesque, orci at mattis cursus, nunc nunc rhoncus diam, eu varius massa libero ut nibh. Curabitur ac tempor elit. Integer libero ex, bibendum finibus sem eu, mollis condimentum nisl. Morbi aliquet interdum urna at dignissim. Sed ac tristique diam. Duis pulvinar gravida leo aliquet sagittis."
Antimalarial,"Lorem ipsum dolor sit amet, consectetur adipiscing elit. Pellentesque rhoncus a tellus a auctor. Suspendisse elit lectus, cursus non ullamcorper vel, tincidunt vitae tellus. Suspendisse potenti. Donec vel dolor elit. Praesent eu enim congue, tempus libero ac, dictum nunc. Nullam pellentesque, orci at mattis cursus, nunc nunc rhoncus diam, eu varius massa libero ut nibh. Curabitur ac tempor elit. Integer libero ex, bibendum finibus sem eu, mollis condimentum nisl. Morbi aliquet interdum urna at dignissim. Sed ac tristique diam. Duis pulvinar gravida leo aliquet sagittis."
Toxic,"Lorem ipsum dolor sit amet, consectetur adipiscing elit. Pellentesque rhoncus a tellus a auctor. Suspendisse elit lectus, cursus non ullamcorper vel, tincidunt vitae tellus. Suspendisse potenti. Donec vel dolor elit. Praesent eu enim congue, tempus libero ac, dictum nunc. Nullam pellentesque, orci at mattis cursus, nunc nunc rhoncus diam, eu varius massa libero ut nibh. Curabitur ac tempor elit. Integer libero ex, bibendum finibus sem eu, mollis condimentum nisl. Morbi aliquet interdum urna at dignissim. Sed ac tristique diam. Duis pulvinar gravida leo aliquet sagittis."
Insecticidal,"Lorem ipsum dolor sit amet, consectetur adipiscing elit. Pellentesque rhoncus a tellus a auctor. Suspendisse elit lectus, cursus non ullamcorper vel, tincidunt vitae tellus. Suspendisse potenti. Donec vel dolor elit. Praesent eu enim congue, tempus libero ac, dictum nunc. Nullam pellentesque, orci at mattis cursus, nunc nunc rhoncus diam, eu varius massa libero ut nibh. Curabitur ac tempor elit. Integer libero ex, bibendum finibus sem eu, mollis condimentum nisl. Morbi aliquet interdum urna at dignissim. Sed ac tristique diam. Duis pulvinar gravida leo aliquet sagittis."
Anti mammalian cell,"Lorem ipsum dolor sit amet, consectetur adipiscing elit. Pellentesque rhoncus a tellus a auctor. Suspendisse elit lectus, cursus non ullamcorper vel, tincidunt vitae tellus. Suspendisse potenti. Donec vel dolor elit. Praesent eu enim congue, tempus libero ac, dictum nunc. Nullam pellentesque, orci at mattis cursus, nunc nunc rhoncus diam, eu varius massa libero ut nibh. Curabitur ac tempor elit. Integer libero ex, bibendum finibus sem eu, mollis condimentum nisl. Morbi aliquet interdum urna at dignissim. Sed ac tristique diam. Duis pulvinar gravida leo aliquet sagittis."
Cytotoxic,"Lorem ipsum dolor sit amet, consectetur adipiscing elit. Pellentesque rhoncus a tellus a auctor. Suspendisse elit lectus, cursus non ullamcorper vel, tincidunt vitae tellus. Suspendisse potenti. Donec vel dolor elit. Praesent eu enim congue, tempus libero ac, dictum nunc. Nullam pellentesque, orci at mattis cursus, nunc nunc rhoncus diam, eu varius massa libero ut nibh. Curabitur ac tempor elit. Integer libero ex, bibendum finibus sem eu, mollis condimentum nisl. Morbi aliquet interdum urna at dignissim. Sed ac tristique diam. Duis pulvinar gravida leo aliquet sagittis."
Hemolytic,"Lorem ipsum dolor sit amet, consectetur adipiscing elit. Pellentesque rhoncus a tellus a auctor. Suspendisse elit lectus, cursus non ullamcorper vel, tincidunt vitae tellus. Suspendisse potenti. Donec vel dolor elit. Praesent eu enim congue, tempus libero ac, dictum nunc. Nullam pellentesque, orci at mattis cursus, nunc nunc rhoncus diam, eu varius massa libero ut nibh. Curabitur ac tempor elit. Integer libero ex, bibendum finibus sem eu, mollis condimentum nisl. Morbi aliquet interdum urna at dignissim. Sed ac tristique diam. Duis pulvinar gravida leo aliquet sagittis."
Celiac toxic,"Lorem ipsum dolor sit amet, consectetur adipiscing elit. Pellentesque rhoncus a tellus a auctor. Suspendisse elit lectus, cursus non ullamcorper vel, tincidunt vitae tellus. Suspendisse potenti. Donec vel dolor elit. Praesent eu enim congue, tempus libero ac, dictum nunc. Nullam pellentesque, orci at mattis cursus, nunc nunc rhoncus diam, eu varius massa libero ut nibh. Curabitur ac tempor elit. Integer libero ex, bibendum finibus sem eu, mollis condimentum nisl. Morbi aliquet interdum urna at dignissim. Sed ac tristique diam. Duis pulvinar gravida leo aliquet sagittis."
Antiparasitic,"Lorem ipsum dolor sit amet, consectetur adipiscing elit. Pellentesque rhoncus a tellus a auctor. Suspendisse elit lectus, cursus non ullamcorper vel, tincidunt vitae tellus. Suspendisse potenti. Donec vel dolor elit. Praesent eu enim congue, tempus libero ac, dictum nunc. Nullam pellentesque, orci at mattis cursus, nunc nunc rhoncus diam, eu varius massa libero ut nibh. Curabitur ac tempor elit. Integer libero ex, bibendum finibus sem eu, mollis condimentum nisl. Morbi aliquet interdum urna at dignissim. Sed ac tristique diam. Duis pulvinar gravida leo aliquet sagittis."
Anti nematode,"Lorem ipsum dolor sit amet, consectetur adipiscing elit. Pellentesque rhoncus a tellus a auctor. Suspendisse elit lectus, cursus non ullamcorper vel, tincidunt vitae tellus. Suspendisse potenti. Donec vel dolor elit. Praesent eu enim congue, tempus libero ac, dictum nunc. Nullam pellentesque, orci at mattis cursus, nunc nunc rhoncus diam, eu varius massa libero ut nibh. Curabitur ac tempor elit. Integer libero ex, bibendum finibus sem eu, mollis condimentum nisl. Morbi aliquet interdum urna at dignissim. Sed ac tristique diam. Duis pulvinar gravida leo aliquet sagittis."
Neurotoxin,"Lorem ipsum dolor sit amet, consectetur adipiscing elit. Pellentesque rhoncus a tellus a auctor. Suspendisse elit lectus, cursus non ullamcorper vel, tincidunt vitae tellus. Suspendisse potenti. Donec vel dolor elit. Praesent eu enim congue, tempus libero ac, dictum nunc. Nullam pellentesque, orci at mattis cursus, nunc nunc rhoncus diam, eu varius massa libero ut nibh. Curabitur ac tempor elit. Integer libero ex, bibendum finibus sem eu, mollis condimentum nisl. Morbi aliquet interdum urna at dignissim. Sed ac tristique diam. Duis pulvinar gravida leo aliquet sagittis."
Anticancer,"Lorem ipsum dolor sit amet, consectetur adipiscing elit. Pellentesque rhoncus a tellus a auctor. Suspendisse elit lectus, cursus non ullamcorper vel, tincidunt vitae tellus. Suspendisse potenti. Donec vel dolor elit. Praesent eu enim congue, tempus libero ac, dictum nunc. Nullam pellentesque, orci at mattis cursus, nunc nunc rhoncus diam, eu varius massa libero ut nibh. Curabitur ac tempor elit. Integer libero ex, bibendum finibus sem eu, mollis condimentum nisl. Morbi aliquet interdum urna at dignissim. Sed ac tristique diam. Duis pulvinar gravida leo aliquet sagittis."
Antitumor,"Lorem ipsum dolor sit amet, consectetur adipiscing elit. Pellentesque rhoncus a tellus a auctor. Suspendisse elit lectus, cursus non ullamcorper vel, tincidunt vitae tellus. Suspendisse potenti. Donec vel dolor elit. Praesent eu enim congue, tempus libero ac, dictum nunc. Nullam pellentesque, orci at mattis cursus, nunc nunc rhoncus diam, eu varius massa libero ut nibh. Curabitur ac tempor elit. Integer libero ex, bibendum finibus sem eu, mollis condimentum nisl. Morbi aliquet interdum urna at dignissim. Sed ac tristique diam. Duis pulvinar gravida leo aliquet sagittis."
Tumor homing,"Lorem ipsum dolor sit amet, consectetur adipiscing elit. Pellentesque rhoncus a tellus a auctor. Suspendisse elit lectus, cursus non ullamcorper vel, tincidunt vitae tellus. Suspendisse potenti. Donec vel dolor elit. Praesent eu enim congue, tempus libero ac, dictum nunc. Nullam pellentesque, orci at mattis cursus, nunc nunc rhoncus diam, eu varius massa libero ut nibh. Curabitur ac tempor elit. Integer libero ex, bibendum finibus sem eu, mollis condimentum nisl. Morbi aliquet interdum urna at dignissim. Sed ac tristique diam. Duis pulvinar gravida leo aliquet sagittis."
Tumor targeting,"Lorem ipsum dolor sit amet, consectetur adipiscing elit. Pellentesque rhoncus a tellus a auctor. Suspendisse elit lectus, cursus non ullamcorper vel, tincidunt vitae tellus. Suspendisse potenti. Donec vel dolor elit. Praesent eu enim congue, tempus libero ac, dictum nunc. Nullam pellentesque, orci at mattis cursus, nunc nunc rhoncus diam, eu varius massa libero ut nibh. Curabitur ac tempor elit. Integer libero ex, bibendum finibus sem eu, mollis condimentum nisl. Morbi aliquet interdum urna at dignissim. Sed ac tristique diam. Duis pulvinar gravida leo aliquet sagittis."
Metabolic,"Lorem ipsum dolor sit amet, consectetur adipiscing elit. Pellentesque rhoncus a tellus a auctor. Suspendisse elit lectus, cursus non ullamcorper vel, tincidunt vitae tellus. Suspendisse potenti. Donec vel dolor elit. Praesent eu enim congue, tempus libero ac, dictum nunc. Nullam pellentesque, orci at mattis cursus, nunc nunc rhoncus diam, eu varius massa libero ut nibh. Curabitur ac tempor elit. Integer libero ex, bibendum finibus sem eu, mollis condimentum nisl. Morbi aliquet interdum urna at dignissim. Sed ac tristique diam. Duis pulvinar gravida leo aliquet sagittis."
Pain related,"Lorem ipsum dolor sit amet, consectetur adipiscing elit. Pellentesque rhoncus a tellus a auctor. Suspendisse elit lectus, cursus non ullamcorper vel, tincidunt vitae tellus. Suspendisse potenti. Donec vel dolor elit. Praesent eu enim congue, tempus libero ac, dictum nunc. Nullam pellentesque, orci at mattis cursus, nunc nunc rhoncus diam, eu varius massa libero ut nibh. Curabitur ac tempor elit. Integer libero ex, bibendum finibus sem eu, mollis condimentum nisl. Morbi aliquet interdum urna at dignissim. Sed ac tristique diam. Duis pulvinar gravida leo aliquet sagittis."
Opioid,"Lorem ipsum dolor sit amet, consectetur adipiscing elit. Pellentesque rhoncus a tellus a auctor. Suspendisse elit lectus, cursus non ullamcorper vel, tincidunt vitae tellus. Suspendisse potenti. Donec vel dolor elit. Praesent eu enim congue, tempus libero ac, dictum nunc. Nullam pellentesque, orci at mattis cursus, nunc nunc rhoncus diam, eu varius massa libero ut nibh. Curabitur ac tempor elit. Integer libero ex, bibendum finibus sem eu, mollis condimentum nisl. Morbi aliquet interdum urna at dignissim. Sed ac tristique diam. Duis pulvinar gravida leo aliquet sagittis."
Eating behavior,"Lorem ipsum dolor sit amet, consectetur adipiscing elit. Pellentesque rhoncus a tellus a auctor. Suspendisse elit lectus, cursus non ullamcorper vel, tincidunt vitae tellus. Suspendisse potenti. Donec vel dolor elit. Praesent eu enim congue, tempus libero ac, dictum nunc. Nullam pellentesque, orci at mattis cursus, nunc nunc rhoncus diam, eu varius massa libero ut nibh. Curabitur ac tempor elit. Integer libero ex, bibendum finibus sem eu, mollis condimentum nisl. Morbi aliquet interdum urna at dignissim. Sed ac tristique diam. Duis pulvinar gravida leo aliquet sagittis."
Taste,"Lorem ipsum dolor sit amet, consectetur adipiscing elit. Pellentesque rhoncus a tellus a auctor. Suspendisse elit lectus, cursus non ullamcorper vel, tincidunt vitae tellus. Suspendisse potenti. Donec vel dolor elit. Praesent eu enim congue, tempus libero ac, dictum nunc. Nullam pellentesque, orci at mattis cursus, nunc nunc rhoncus diam, eu varius massa libero ut nibh. Curabitur ac tempor elit. Integer libero ex, bibendum finibus sem eu, mollis condimentum nisl. Morbi aliquet interdum urna at dignissim. Sed ac tristique diam. Duis pulvinar gravida leo aliquet sagittis."
Hormone,"Lorem ipsum dolor sit amet, consectetur adipiscing elit. Pellentesque rhoncus a tellus a auctor. Suspendisse elit lectus, cursus non ullamcorper vel, tincidunt vitae tellus. Suspendisse potenti. Donec vel dolor elit. Praesent eu enim congue, tempus libero ac, dictum nunc. Nullam pellentesque, orci at mattis cursus, nunc nunc rhoncus diam, eu varius massa libero ut nibh. Curabitur ac tempor elit. Integer libero ex, bibendum finibus sem eu, mollis condimentum nisl. Morbi aliquet interdum urna at dignissim. Sed ac tristique diam. Duis pulvinar gravida leo aliquet sagittis."
Pheromone,"Lorem ipsum dolor sit amet, consectetur adipiscing elit. Pellentesque rhoncus a tellus a auctor. Suspendisse elit lectus, cursus non ullamcorper vel, tincidunt vitae tellus. Suspendisse potenti. Donec vel dolor elit. Praesent eu enim congue, tempus libero ac, dictum nunc. Nullam pellentesque, orci at mattis cursus, nunc nunc rhoncus diam, eu varius massa libero ut nibh. Curabitur ac tempor elit. Integer libero ex, bibendum finibus sem eu, mollis condimentum nisl. Morbi aliquet interdum urna at dignissim. Sed ac tristique diam. Duis pulvinar gravida leo aliquet sagittis."
Anti inflamatory,"Lorem ipsum dolor sit amet, consectetur adipiscing elit. Pellentesque rhoncus a tellus a auctor. Suspendisse elit lectus, cursus non ullamcorper vel, tincidunt vitae tellus. Suspendisse potenti. Donec vel dolor elit. Praesent eu enim congue, tempus libero ac, dictum nunc. Nullam pellentesque, orci at mattis cursus, nunc nunc rhoncus diam, eu varius massa libero ut nibh. Curabitur ac tempor elit. Integer libero ex, bibendum finibus sem eu, mollis condimentum nisl. Morbi aliquet interdum urna at dignissim. Sed ac tristique diam. Duis pulvinar gravida leo aliquet sagittis."
Regulatory,"Lorem ipsum dolor sit amet, consectetur adipiscing elit. Pellentesque rhoncus a tellus a auctor. Suspendisse elit lectus, cursus non ullamcorper vel, tincidunt vitae tellus. Suspendisse potenti. Donec vel dolor elit. Praesent eu enim congue, tempus libero ac, dictum nunc. Nullam pellentesque, orci at mattis cursus, nunc nunc rhoncus diam, eu varius massa libero ut nibh. Curabitur ac tempor elit. Integer libero ex, bibendum finibus sem eu, mollis condimentum nisl. Morbi aliquet interdum urna at dignissim. Sed ac tristique diam. Duis pulvinar gravida leo aliquet sagittis."
Coagulation regulator,"Lorem ipsum dolor sit amet, consectetur adipiscing elit. Pellentesque rhoncus a tellus a auctor. Suspendisse elit lectus, cursus non ullamcorper vel, tincidunt vitae tellus. Suspendisse potenti. Donec vel dolor elit. Praesent eu enim congue, tempus libero ac, dictum nunc. Nullam pellentesque, orci at mattis cursus, nunc nunc rhoncus diam, eu varius massa libero ut nibh. Curabitur ac tempor elit. Integer libero ex, bibendum finibus sem eu, mollis condimentum nisl. Morbi aliquet interdum urna at dignissim. Sed ac tristique diam. Duis pulvinar gravida leo aliquet sagittis."
Homeostasis,"Lorem ipsum dolor sit amet, consectetur adipiscing elit. Pellentesque rhoncus a tellus a auctor. Suspendisse elit lectus, cursus non ullamcorper vel, tincidunt vitae tellus. Suspendisse potenti. Donec vel dolor elit. Praesent eu enim congue, tempus libero ac, dictum nunc. Nullam pellentesque, orci at mattis cursus, nunc nunc rhoncus diam, eu varius massa libero ut nibh. Curabitur ac tempor elit. Integer libero ex, bibendum finibus sem eu, mollis condimentum nisl. Morbi aliquet interdum urna at dignissim. Sed ac tristique diam. Duis pulvinar gravida leo aliquet sagittis."
Antidiabetic,"Lorem ipsum dolor sit amet, consectetur adipiscing elit. Pellentesque rhoncus a tellus a auctor. Suspendisse elit lectus, cursus non ullamcorper vel, tincidunt vitae tellus. Suspendisse potenti. Donec vel dolor elit. Praesent eu enim congue, tempus libero ac, dictum nunc. Nullam pellentesque, orci at mattis cursus, nunc nunc rhoncus diam, eu varius massa libero ut nibh. Curabitur ac tempor elit. Integer libero ex, bibendum finibus sem eu, mollis condimentum nisl. Morbi aliquet interdum urna at dignissim. Sed ac tristique diam. Duis pulvinar gravida leo aliquet sagittis."
Antidiabetic type 1,"Lorem ipsum dolor sit amet, consectetur adipiscing elit. Pellentesque rhoncus a tellus a auctor. Suspendisse elit lectus, cursus non ullamcorper vel, tincidunt vitae tellus. Suspendisse potenti. Donec vel dolor elit. Praesent eu enim congue, tempus libero ac, dictum nunc. Nullam pellentesque, orci at mattis cursus, nunc nunc rhoncus diam, eu varius massa libero ut nibh. Curabitur ac tempor elit. Integer libero ex, bibendum finibus sem eu, mollis condimentum nisl. Morbi aliquet interdum urna at dignissim. Sed ac tristique diam. Duis pulvinar gravida leo aliquet sagittis."
Antidiabetic type 2,"Lorem ipsum dolor sit amet, consectetur adipiscing elit. Pellentesque rhoncus a tellus a auctor. Suspendisse elit lectus, cursus non ullamcorper vel, tincidunt vitae tellus. Suspendisse potenti. Donec vel dolor elit. Praesent eu enim congue, tempus libero ac, dictum nunc. Nullam pellentesque, orci at mattis cursus, nunc nunc rhoncus diam, eu varius massa libero ut nibh. Curabitur ac tempor elit. Integer libero ex, bibendum finibus sem eu, mollis condimentum nisl. Morbi aliquet interdum urna at dignissim. Sed ac tristique diam. Duis pulvinar gravida leo aliquet sagittis."
Vascular,"Lorem ipsum dolor sit amet, consectetur adipiscing elit. Pellentesque rhoncus a tellus a auctor. Suspendisse elit lectus, cursus non ullamcorper vel, tincidunt vitae tellus. Suspendisse potenti. Donec vel dolor elit. Praesent eu enim congue, tempus libero ac, dictum nunc. Nullam pellentesque, orci at mattis cursus, nunc nunc rhoncus diam, eu varius massa libero ut nibh. Curabitur ac tempor elit. Integer libero ex, bibendum finibus sem eu, mollis condimentum nisl. Morbi aliquet interdum urna at dignissim. Sed ac tristique diam. Duis pulvinar gravida leo aliquet sagittis."
Anti angiogenic,"Lorem ipsum dolor sit amet, consectetur adipiscing elit. Pellentesque rhoncus a tellus a auctor. Suspendisse elit lectus, cursus non ullamcorper vel, tincidunt vitae tellus. Suspendisse potenti. Donec vel dolor elit. Praesent eu enim congue, tempus libero ac, dictum nunc. Nullam pellentesque, orci at mattis cursus, nunc nunc rhoncus diam, eu varius massa libero ut nibh. Curabitur ac tempor elit. Integer libero ex, bibendum finibus sem eu, mollis condimentum nisl. Morbi aliquet interdum urna at dignissim. Sed ac tristique diam. Duis pulvinar gravida leo aliquet sagittis."
Antithrombotic,"Lorem ipsum dolor sit amet, consectetur adipiscing elit. Pellentesque rhoncus a tellus a auctor. Suspendisse elit lectus, cursus non ullamcorper vel, tincidunt vitae tellus. Suspendisse potenti. Donec vel dolor elit. Praesent eu enim congue, tempus libero ac, dictum nunc. Nullam pellentesque, orci at mattis cursus, nunc nunc rhoncus diam, eu varius massa libero ut nibh. Curabitur ac tempor elit. Integer libero ex, bibendum finibus sem eu, mollis condimentum nisl. Morbi aliquet interdum urna at dignissim. Sed ac tristique diam. Duis pulvinar gravida leo aliquet sagittis."
Inhibitor,"Lorem ipsum dolor sit amet, consectetur adipiscing elit. Pellentesque rhoncus a tellus a auctor. Suspendisse elit lectus, cursus non ullamcorper vel, tincidunt vitae tellus. Suspendisse potenti. Donec vel dolor elit. Praesent eu enim congue, tempus libero ac, dictum nunc. Nullam pellentesque, orci at mattis cursus, nunc nunc rhoncus diam, eu varius massa libero ut nibh. Curabitur ac tempor elit. Integer libero ex, bibendum finibus sem eu, mollis condimentum nisl. Morbi aliquet interdum urna at dignissim. Sed ac tristique diam. Duis pulvinar gravida leo aliquet sagittis."
Enzyme inhibitor,"Lorem ipsum dolor sit amet, consectetur adipiscing elit. Pellentesque rhoncus a tellus a auctor. Suspendisse elit lectus, cursus non ullamcorper vel, tincidunt vitae tellus. Suspendisse potenti. Donec vel dolor elit. Praesent eu enim congue, tempus libero ac, dictum nunc. Nullam pellentesque, orci at mattis cursus, nunc nunc rhoncus diam, eu varius massa libero ut nibh. Curabitur ac tempor elit. Integer libero ex, bibendum finibus sem eu, mollis condimentum nisl. Morbi aliquet interdum urna at dignissim. Sed ac tristique diam. Duis pulvinar gravida leo aliquet sagittis."
Angiotensin converting enzyme (ACE) inhibitors,"Lorem ipsum dolor sit amet, consectetur adipiscing elit. Pellentesque rhoncus a tellus a auctor. Suspendisse elit lectus, cursus non ullamcorper vel, tincidunt vitae tellus. Suspendisse potenti. Donec vel dolor elit. Praesent eu enim congue, tempus libero ac, dictum nunc. Nullam pellentesque, orci at mattis cursus, nunc nunc rhoncus diam, eu varius massa libero ut nibh. Curabitur ac tempor elit. Integer libero ex, bibendum finibus sem eu, mollis condimentum nisl. Morbi aliquet interdum urna at dignissim. Sed ac tristique diam. Duis pulvinar gravida leo aliquet sagittis."
Dipeptidyl peptidase inhibitor,"Lorem ipsum dolor sit amet, consectetur adipiscing elit. Pellentesque rhoncus a tellus a auctor. Suspendisse elit lectus, cursus non ullamcorper vel, tincidunt vitae tellus. Suspendisse potenti. Donec vel dolor elit. Praesent eu enim congue, tempus libero ac, dictum nunc. Nullam pellentesque, orci at mattis cursus, nunc nunc rhoncus diam, eu varius massa libero ut nibh. Curabitur ac tempor elit. Integer libero ex, bibendum finibus sem eu, mollis condimentum nisl. Morbi aliquet interdum urna at dignissim. Sed ac tristique diam. Duis pulvinar gravida leo aliquet sagittis."
Glucosidase inhibitor,"Lorem ipsum dolor sit amet, consectetur adipiscing elit. Pellentesque rhoncus a tellus a auctor. Suspendisse elit lectus, cursus non ullamcorper vel, tincidunt vitae tellus. Suspendisse potenti. Donec vel dolor elit. Praesent eu enim congue, tempus libero ac, dictum nunc. Nullam pellentesque, orci at mattis cursus, nunc nunc rhoncus diam, eu varius massa libero ut nibh. Curabitur ac tempor elit. Integer libero ex, bibendum finibus sem eu, mollis condimentum nisl. Morbi aliquet interdum urna at dignissim. Sed ac tristique diam. Duis pulvinar gravida leo aliquet sagittis."
Protease inhibitor,"Lorem ipsum dolor sit amet, consectetur adipiscing elit. Pellentesque rhoncus a tellus a auctor. Suspendisse elit lectus, cursus non ullamcorper vel, tincidunt vitae tellus. Suspendisse potenti. Donec vel dolor elit. Praesent eu enim congue, tempus libero ac, dictum nunc. Nullam pellentesque, orci at mattis cursus, nunc nunc rhoncus diam, eu varius massa libero ut nibh. Curabitur ac tempor elit. Integer libero ex, bibendum finibus sem eu, mollis condimentum nisl. Morbi aliquet interdum urna at dignissim. Sed ac tristique diam. Duis pulvinar gravida leo aliquet sagittis."
Amylase inhibitor,"Lorem ipsum dolor sit amet, consectetur adipiscing elit. Pellentesque rhoncus a tellus a auctor. Suspendisse elit lectus, cursus non ullamcorper vel, tincidunt vitae tellus. Suspendisse potenti. Donec vel dolor elit. Praesent eu enim congue, tempus libero ac, dictum nunc. Nullam pellentesque, orci at mattis cursus, nunc nunc rhoncus diam, eu varius massa libero ut nibh. Curabitur ac tempor elit. Integer libero ex, bibendum finibus sem eu, mollis condimentum nisl. Morbi aliquet interdum urna at dignissim. Sed ac tristique diam. Duis pulvinar gravida leo aliquet sagittis."
Angiotensinase inhibitor,"Lorem ipsum dolor sit amet, consectetur adipiscing elit. Pellentesque rhoncus a tellus a auctor. Suspendisse elit lectus, cursus non ullamcorper vel, tincidunt vitae tellus. Suspendisse potenti. Donec vel dolor elit. Praesent eu enim congue, tempus libero ac, dictum nunc. Nullam pellentesque, orci at mattis cursus, nunc nunc rhoncus diam, eu varius massa libero ut nibh. Curabitur ac tempor elit. Integer libero ex, bibendum finibus sem eu, mollis condimentum nisl. Morbi aliquet interdum urna at dignissim. Sed ac tristique diam. Duis pulvinar gravida leo aliquet sagittis."
Activator,"Lorem ipsum dolor sit amet, consectetur adipiscing elit. Pellentesque rhoncus a tellus a auctor. Suspendisse elit lectus, cursus non ullamcorper vel, tincidunt vitae tellus. Suspendisse potenti. Donec vel dolor elit. Praesent eu enim congue, tempus libero ac, dictum nunc. Nullam pellentesque, orci at mattis cursus, nunc nunc rhoncus diam, eu varius massa libero ut nibh. Curabitur ac tempor elit. Integer libero ex, bibendum finibus sem eu, mollis condimentum nisl. Morbi aliquet interdum urna at dignissim. Sed ac tristique diam. Duis pulvinar gravida leo aliquet sagittis."
Sperm activating,"Lorem ipsum dolor sit amet, consectetur adipiscing elit. Pellentesque rhoncus a tellus a auctor. Suspendisse elit lectus, cursus non ullamcorper vel, tincidunt vitae tellus. Suspendisse potenti. Donec vel dolor elit. Praesent eu enim congue, tempus libero ac, dictum nunc. Nullam pellentesque, orci at mattis cursus, nunc nunc rhoncus diam, eu varius massa libero ut nibh. Curabitur ac tempor elit. Integer libero ex, bibendum finibus sem eu, mollis condimentum nisl. Morbi aliquet interdum urna at dignissim. Sed ac tristique diam. Duis pulvinar gravida leo aliquet sagittis."
Enzyme activator,"Lorem ipsum dolor sit amet, consectetur adipiscing elit. Pellentesque rhoncus a tellus a auctor. Suspendisse elit lectus, cursus non ullamcorper vel, tincidunt vitae tellus. Suspendisse potenti. Donec vel dolor elit. Praesent eu enim congue, tempus libero ac, dictum nunc. Nullam pellentesque, orci at mattis cursus, nunc nunc rhoncus diam, eu varius massa libero ut nibh. Curabitur ac tempor elit. Integer libero ex, bibendum finibus sem eu, mollis condimentum nisl. Morbi aliquet interdum urna at dignissim. Sed ac tristique diam. Duis pulvinar gravida leo aliquet sagittis."
Potentiator,"Lorem ipsum dolor sit amet, consectetur adipiscing elit. Pellentesque rhoncus a tellus a auctor. Suspendisse elit lectus, cursus non ullamcorper vel, tincidunt vitae tellus. Suspendisse potenti. Donec vel dolor elit. Praesent eu enim congue, tempus libero ac, dictum nunc. Nullam pellentesque, orci at mattis cursus, nunc nunc rhoncus diam, eu varius massa libero ut nibh. Curabitur ac tempor elit. Integer libero ex, bibendum finibus sem eu, mollis condimentum nisl. Morbi aliquet interdum urna at dignissim. Sed ac tristique diam. Duis pulvinar gravida leo aliquet sagittis."
Anti hypertensive,"Lorem ipsum dolor sit amet, consectetur adipiscing elit. Pellentesque rhoncus a tellus a auctor. Suspendisse elit lectus, cursus non ullamcorper vel, tincidunt vitae tellus. Suspendisse potenti. Donec vel dolor elit. Praesent eu enim congue, tempus libero ac, dictum nunc. Nullam pellentesque, orci at mattis cursus, nunc nunc rhoncus diam, eu varius massa libero ut nibh. Curabitur ac tempor elit. Integer libero ex, bibendum finibus sem eu, mollis condimentum nisl. Morbi aliquet interdum urna at dignissim. Sed ac tristique diam. Duis pulvinar gravida leo aliquet sagittis."
Anti hypotensive,"Lorem ipsum dolor sit amet, consectetur adipiscing elit. Pellentesque rhoncus a tellus a auctor. Suspendisse elit lectus, cursus non ullamcorper vel, tincidunt vitae tellus. Suspendisse potenti. Donec vel dolor elit. Praesent eu enim congue, tempus libero ac, dictum nunc. Nullam pellentesque, orci at mattis cursus, nunc nunc rhoncus diam, eu varius massa libero ut nibh. Curabitur ac tempor elit. Integer libero ex, bibendum finibus sem eu, mollis condimentum nisl. Morbi aliquet interdum urna at dignissim. Sed ac tristique diam. Duis pulvinar gravida leo aliquet sagittis."
Bioactive,"Lorem ipsum dolor sit amet, consectetur adipiscing elit. Pellentesque rhoncus a tellus a auctor. Suspendisse elit lectus, cursus non ullamcorper vel, tincidunt vitae tellus. Suspendisse potenti. Donec vel dolor elit. Praesent eu enim congue, tempus libero ac, dictum nunc. Nullam pellentesque, orci at mattis cursus, nunc nunc rhoncus diam, eu varius massa libero ut nibh. Curabitur ac tempor elit. Integer libero ex, bibendum finibus sem eu, mollis condimentum nisl. Morbi aliquet interdum urna at dignissim. Sed ac tristique diam. Duis pulvinar gravida leo aliquet sagittis."
Antioxidative,"Lorem ipsum dolor sit amet, consectetur adipiscing elit. Pellentesque rhoncus a tellus a auctor. Suspendisse elit lectus, cursus non ullamcorper vel, tincidunt vitae tellus. Suspendisse potenti. Donec vel dolor elit. Praesent eu enim congue, tempus libero ac, dictum nunc. Nullam pellentesque, orci at mattis cursus, nunc nunc rhoncus diam, eu varius massa libero ut nibh. Curabitur ac tempor elit. Integer libero ex, bibendum finibus sem eu, mollis condimentum nisl. Morbi aliquet interdum urna at dignissim. Sed ac tristique diam. Duis pulvinar gravida leo aliquet sagittis."
Neurological,"Lorem ipsum dolor sit amet, consectetur adipiscing elit. Pellentesque rhoncus a tellus a auctor. Suspendisse elit lectus, cursus non ullamcorper vel, tincidunt vitae tellus. Suspendisse potenti. Donec vel dolor elit. Praesent eu enim congue, tempus libero ac, dictum nunc. Nullam pellentesque, orci at mattis cursus, nunc nunc rhoncus diam, eu varius massa libero ut nibh. Curabitur ac tempor elit. Integer libero ex, bibendum finibus sem eu, mollis condimentum nisl. Morbi aliquet interdum urna at dignissim. Sed ac tristique diam. Duis pulvinar gravida leo aliquet sagittis."
Neuropeptide,"Lorem ipsum dolor sit amet, consectetur adipiscing elit. Pellentesque rhoncus a tellus a auctor. Suspendisse elit lectus, cursus non ullamcorper vel, tincidunt vitae tellus. Suspendisse potenti. Donec vel dolor elit. Praesent eu enim congue, tempus libero ac, dictum nunc. Nullam pellentesque, orci at mattis cursus, nunc nunc rhoncus diam, eu varius massa libero ut nibh. Curabitur ac tempor elit. Integer libero ex, bibendum finibus sem eu, mollis condimentum nisl. Morbi aliquet interdum urna at dignissim. Sed ac tristique diam. Duis pulvinar gravida leo aliquet sagittis."
Antiamnesic,"Lorem ipsum dolor sit amet, consectetur adipiscing elit. Pellentesque rhoncus a tellus a auctor. Suspendisse elit lectus, cursus non ullamcorper vel, tincidunt vitae tellus. Suspendisse potenti. Donec vel dolor elit. Praesent eu enim congue, tempus libero ac, dictum nunc. Nullam pellentesque, orci at mattis cursus, nunc nunc rhoncus diam, eu varius massa libero ut nibh. Curabitur ac tempor elit. Integer libero ex, bibendum finibus sem eu, mollis condimentum nisl. Morbi aliquet interdum urna at dignissim. Sed ac tristique diam. Duis pulvinar gravida leo aliquet sagittis."
Immunological,"Lorem ipsum dolor sit amet, consectetur adipiscing elit. Pellentesque rhoncus a tellus a auctor. Suspendisse elit lectus, cursus non ullamcorper vel, tincidunt vitae tellus. Suspendisse potenti. Donec vel dolor elit. Praesent eu enim congue, tempus libero ac, dictum nunc. Nullam pellentesque, orci at mattis cursus, nunc nunc rhoncus diam, eu varius massa libero ut nibh. Curabitur ac tempor elit. Integer libero ex, bibendum finibus sem eu, mollis condimentum nisl. Morbi aliquet interdum urna at dignissim. Sed ac tristique diam. Duis pulvinar gravida leo aliquet sagittis."
Cytokine,"Lorem ipsum dolor sit amet, consectetur adipiscing elit. Pellentesque rhoncus a tellus a auctor. Suspendisse elit lectus, cursus non ullamcorper vel, tincidunt vitae tellus. Suspendisse potenti. Donec vel dolor elit. Praesent eu enim congue, tempus libero ac, dictum nunc. Nullam pellentesque, orci at mattis cursus, nunc nunc rhoncus diam, eu varius massa libero ut nibh. Curabitur ac tempor elit. Integer libero ex, bibendum finibus sem eu, mollis condimentum nisl. Morbi aliquet interdum urna at dignissim. Sed ac tristique diam. Duis pulvinar gravida leo aliquet sagittis."
Allergen,"Lorem ipsum dolor sit amet, consectetur adipiscing elit. Pellentesque rhoncus a tellus a auctor. Suspendisse elit lectus, cursus non ullamcorper vel, tincidunt vitae tellus. Suspendisse potenti. Donec vel dolor elit. Praesent eu enim congue, tempus libero ac, dictum nunc. Nullam pellentesque, orci at mattis cursus, nunc nunc rhoncus diam, eu varius massa libero ut nibh. Curabitur ac tempor elit. Integer libero ex, bibendum finibus sem eu, mollis condimentum nisl. Morbi aliquet interdum urna at dignissim. Sed ac tristique diam. Duis pulvinar gravida leo aliquet sagittis."
Gluten immunogenic,"Lorem ipsum dolor sit amet, consectetur adipiscing elit. Pellentesque rhoncus a tellus a auctor. Suspendisse elit lectus, cursus non ullamcorper vel, tincidunt vitae tellus. Suspendisse potenti. Donec vel dolor elit. Praesent eu enim congue, tempus libero ac, dictum nunc. Nullam pellentesque, orci at mattis cursus, nunc nunc rhoncus diam, eu varius massa libero ut nibh. Curabitur ac tempor elit. Integer libero ex, bibendum finibus sem eu, mollis condimentum nisl. Morbi aliquet interdum urna at dignissim. Sed ac tristique diam. Duis pulvinar gravida leo aliquet sagittis."
Immunomodulatory,"Lorem ipsum dolor sit amet, consectetur adipiscing elit. Pellentesque rhoncus a tellus a auctor. Suspendisse elit lectus, cursus non ullamcorper vel, tincidunt vitae tellus. Suspendisse potenti. Donec vel dolor elit. Praesent eu enim congue, tempus libero ac, dictum nunc. Nullam pellentesque, orci at mattis cursus, nunc nunc rhoncus diam, eu varius massa libero ut nibh. Curabitur ac tempor elit. Integer libero ex, bibendum finibus sem eu, mollis condimentum nisl. Morbi aliquet interdum urna at dignissim. Sed ac tristique diam. Duis pulvinar gravida leo aliquet sagittis."
Wound healing,"Lorem ipsum dolor sit amet, consectetur adipiscing elit. Pellentesque rhoncus a tellus a auctor. Suspendisse elit lectus, cursus non ullamcorper vel, tincidunt vitae tellus. Suspendisse potenti. Donec vel dolor elit. Praesent eu enim congue, tempus libero ac, dictum nunc. Nullam pellentesque, orci at mattis cursus, nunc nunc rhoncus diam, eu varius massa libero ut nibh. Curabitur ac tempor elit. Integer libero ex, bibendum finibus sem eu, mollis condimentum nisl. Morbi aliquet interdum urna at dignissim. Sed ac tristique diam. Duis pulvinar gravida leo aliquet sagittis."
Immunoregulator,"Lorem ipsum dolor sit amet, consectetur adipiscing elit. Pellentesque rhoncus a tellus a auctor. Suspendisse elit lectus, cursus non ullamcorper vel, tincidunt vitae tellus. Suspendisse potenti. Donec vel dolor elit. Praesent eu enim congue, tempus libero ac, dictum nunc. Nullam pellentesque, orci at mattis cursus, nunc nunc rhoncus diam, eu varius massa libero ut nibh. Curabitur ac tempor elit. Integer libero ex, bibendum finibus sem eu, mollis condimentum nisl. Morbi aliquet interdum urna at dignissim. Sed ac tristique diam. Duis pulvinar gravida leo aliquet sagittis."
Drug delivery vehicle,"Lorem ipsum dolor sit amet, consectetur adipiscing elit. Pellentesque rhoncus a tellus a auctor. Suspendisse elit lectus, cursus non ullamcorper vel, tincidunt vitae tellus. Suspendisse potenti. Donec vel dolor elit. Praesent eu enim congue, tempus libero ac, dictum nunc. Nullam pellentesque, orci at mattis cursus, nunc nunc rhoncus diam, eu varius massa libero ut nibh. Curabitur ac tempor elit. Integer libero ex, bibendum finibus sem eu, mollis condimentum nisl. Morbi aliquet interdum urna at dignissim. Sed ac tristique diam. Duis pulvinar gravida leo aliquet sagittis."
Cell penetrating,"Lorem ipsum dolor sit amet, consectetur adipiscing elit. Pellentesque rhoncus a tellus a auctor. Suspendisse elit lectus, cursus non ullamcorper vel, tincidunt vitae tellus. Suspendisse potenti. Donec vel dolor elit. Praesent eu enim congue, tempus libero ac, dictum nunc. Nullam pellentesque, orci at mattis cursus, nunc nunc rhoncus diam, eu varius massa libero ut nibh. Curabitur ac tempor elit. Integer libero ex, bibendum finibus sem eu, mollis condimentum nisl. Morbi aliquet interdum urna at dignissim. Sed ac tristique diam. Duis pulvinar gravida leo aliquet sagittis."
Blood brain barrier penetrating,"Lorem ipsum dolor sit amet, consectetur adipiscing elit. Pellentesque rhoncus a tellus a auctor. Suspendisse elit lectus, cursus non ullamcorper vel, tincidunt vitae tellus. Suspendisse potenti. Donec vel dolor elit. Praesent eu enim congue, tempus libero ac, dictum nunc. Nullam pellentesque, orci at mattis cursus, nunc nunc rhoncus diam, eu varius massa libero ut nibh. Curabitur ac tempor elit. Integer libero ex, bibendum finibus sem eu, mollis condimentum nisl. Morbi aliquet interdum urna at dignissim. Sed ac tristique diam. Duis pulvinar gravida leo aliquet sagittis."
Sensorial,"Lorem ipsum dolor sit amet, consectetur adipiscing elit. Pellentesque rhoncus a tellus a auctor. Suspendisse elit lectus, cursus non ullamcorper vel, tincidunt vitae tellus. Suspendisse potenti. Donec vel dolor elit. Praesent eu enim congue, tempus libero ac, dictum nunc. Nullam pellentesque, orci at mattis cursus, nunc nunc rhoncus diam, eu varius massa libero ut nibh. Curabitur ac tempor elit. Integer libero ex, bibendum finibus sem eu, mollis condimentum nisl. Morbi aliquet interdum urna at dignissim. Sed ac tristique diam. Duis pulvinar gravida leo aliquet sagittis."
Cell cell communication,"Lorem ipsum dolor sit amet, consectetur adipiscing elit. Pellentesque rhoncus a tellus a auctor. Suspendisse elit lectus, cursus non ullamcorper vel, tincidunt vitae tellus. Suspendisse potenti. Donec vel dolor elit. Praesent eu enim congue, tempus libero ac, dictum nunc. Nullam pellentesque, orci at mattis cursus, nunc nunc rhoncus diam, eu varius massa libero ut nibh. Curabitur ac tempor elit. Integer libero ex, bibendum finibus sem eu, mollis condimentum nisl. Morbi aliquet interdum urna at dignissim. Sed ac tristique diam. Duis pulvinar gravida leo aliquet sagittis."
Quorum sensing,"Lorem ipsum dolor sit amet, consectetur adipiscing elit. Pellentesque rhoncus a tellus a auctor. Suspendisse elit lectus, cursus non ullamcorper vel, tincidunt vitae tellus. Suspendisse potenti. Donec vel dolor elit. Praesent eu enim congue, tempus libero ac, dictum nunc. Nullam pellentesque, orci at mattis cursus, nunc nunc rhoncus diam, eu varius massa libero ut nibh. Curabitur ac tempor elit. Integer libero ex, bibendum finibus sem eu, mollis condimentum nisl. Morbi aliquet interdum urna at dignissim. Sed ac tristique diam. Duis pulvinar gravida leo aliquet sagittis."
Chemotactic,"Lorem ipsum dolor sit amet, consectetur adipiscing elit. Pellentesque rhoncus a tellus a auctor. Suspendisse elit lectus, cursus non ullamcorper vel, tincidunt vitae tellus. Suspendisse potenti. Donec vel dolor elit. Praesent eu enim congue, tempus libero ac, dictum nunc. Nullam pellentesque, orci at mattis cursus, nunc nunc rhoncus diam, eu varius massa libero ut nibh. Curabitur ac tempor elit. Integer libero ex, bibendum finibus sem eu, mollis condimentum nisl. Morbi aliquet interdum urna at dignissim. Sed ac tristique diam. Duis pulvinar gravida leo aliquet sagittis."
Signal peptide,"Lorem ipsum dolor sit amet, consectetur adipiscing elit. Pellentesque rhoncus a tellus a auctor. Suspendisse elit lectus, cursus non ullamcorper vel, tincidunt vitae tellus. Suspendisse potenti. Donec vel dolor elit. Praesent eu enim congue, tempus libero ac, dictum nunc. Nullam pellentesque, orci at mattis cursus, nunc nunc rhoncus diam, eu varius massa libero ut nibh. Curabitur ac tempor elit. Integer libero ex, bibendum finibus sem eu, mollis condimentum nisl. Morbi aliquet interdum urna at dignissim. Sed ac tristique diam. Duis pulvinar gravida leo aliquet sagittis."
Molecule binding,"Lorem ipsum dolor sit amet, consectetur adipiscing elit. Pellentesque rhoncus a tellus a auctor. Suspendisse elit lectus, cursus non ullamcorper vel, tincidunt vitae tellus. Suspendisse potenti. Donec vel dolor elit. Praesent eu enim congue, tempus libero ac, dictum nunc. Nullam pellentesque, orci at mattis cursus, nunc nunc rhoncus diam, eu varius massa libero ut nibh. Curabitur ac tempor elit. Integer libero ex, bibendum finibus sem eu, mollis condimentum nisl. Morbi aliquet interdum urna at dignissim. Sed ac tristique diam. Duis pulvinar gravida leo aliquet sagittis."
DNA binding,"Lorem ipsum dolor sit amet, consectetur adipiscing elit. Pellentesque rhoncus a tellus a auctor. Suspendisse elit lectus, cursus non ullamcorper vel, tincidunt vitae tellus. Suspendisse potenti. Donec vel dolor elit. Praesent eu enim congue, tempus libero ac, dictum nunc. Nullam pellentesque, orci at mattis cursus, nunc nunc rhoncus diam, eu varius massa libero ut nibh. Curabitur ac tempor elit. Integer libero ex, bibendum finibus sem eu, mollis condimentum nisl. Morbi aliquet interdum urna at dignissim. Sed ac tristique diam. Duis pulvinar gravida leo aliquet sagittis."
RALF binding,"Lorem ipsum dolor sit amet, consectetur adipiscing elit. Pellentesque rhoncus a tellus a auctor. Suspendisse elit lectus, cursus non ullamcorper vel, tincidunt vitae tellus. Suspendisse potenti. Donec vel dolor elit. Praesent eu enim congue, tempus libero ac, dictum nunc. Nullam pellentesque, orci at mattis cursus, nunc nunc rhoncus diam, eu varius massa libero ut nibh. Curabitur ac tempor elit. Integer libero ex, bibendum finibus sem eu, mollis condimentum nisl. Morbi aliquet interdum urna at dignissim. Sed ac tristique diam. Duis pulvinar gravida leo aliquet sagittis."
Transit,"Lorem ipsum dolor sit amet, consectetur adipiscing elit. Pellentesque rhoncus a tellus a auctor. Suspendisse elit lectus, cursus non ullamcorper vel, tincidunt vitae tellus. Suspendisse potenti. Donec vel dolor elit. Praesent eu enim congue, tempus libero ac, dictum nunc. Nullam pellentesque, orci at mattis cursus, nunc nunc rhoncus diam, eu varius massa libero ut nibh. Curabitur ac tempor elit. Integer libero ex, bibendum finibus sem eu, mollis condimentum nisl. Morbi aliquet interdum urna at dignissim. Sed ac tristique diam. Duis pulvinar gravida leo aliquet sagittis."
Propeptide,"Lorem ipsum dolor sit amet, consectetur adipiscing elit. Pellentesque rhoncus a tellus a auctor. Suspendisse elit lectus, cursus non ullamcorper vel, tincidunt vitae tellus. Suspendisse potenti. Donec vel dolor elit. Praesent eu enim congue, tempus libero ac, dictum nunc. Nullam pellentesque, orci at mattis cursus, nunc nunc rhoncus diam, eu varius massa libero ut nibh. Curabitur ac tempor elit. Integer libero ex, bibendum finibus sem eu, mollis condimentum nisl. Morbi aliquet interdum urna at dignissim. Sed ac tristique diam. Duis pulvinar gravida leo aliquet sagittis."
Other,"Lorem ipsum dolor sit amet, consectetur adipiscing elit. Pellentesque rhoncus a tellus a auctor. Suspendisse elit lectus, cursus non ullamcorper vel, tincidunt vitae tellus. Suspendisse potenti. Donec vel dolor elit. Praesent eu enim congue, tempus libero ac, dictum nunc. Nullam pellentesque, orci at mattis cursus, nunc nunc rhoncus diam, eu varius massa libero ut nibh. Curabitur ac tempor elit. Integer libero ex, bibendum finibus sem eu, mollis condimentum nisl. Morbi aliquet interdum urna at dignissim. Sed ac tristique diam. Duis pulvinar gravida leo aliquet sagittis."